,method,scoring,minWLeaf,max_samples,I,R,N,oob,oos
0,MDI,accuracy,0.0,1.0,0.4496459135778261,0.45270218841638743,0.09765189800578648,0.95297,0.9392700000000002
